{
    "$schema": "https://schema.management.azure.com/schemas/0.1.2-preview/CreateUIDefinition.MultiVm.json",
    "handler": "Microsoft.Compute.MultiVm",
    "version": "0.1.2-preview",
    "parameters": {
        "basics": [
            {
                "name": "adminUsername",
                "type": "Microsoft.Compute.UserNameTextBox",
                "label": "Admin Username",
                "toolTip": "Admin user name for the virtual machine",
                "osPlatform": "Linux"
            },
            {
                "name": "adminPassword",
                "type": "Microsoft.Common.PasswordBox",
                "label": {
                    "password": "Admin Password",
                    "confirmPassword": "Confirm password"
                },
                "toolTip": "Admin password for the virtual machine",
                "constraints": {
                    "required": true,
                    "regex": "^(?:(?=.*[a-z])(?:(?=.*[A-Z])(?=.*[\\d\\W])|(?=.*\\W)(?=.*\\d))|(?=.*\\W)(?=.*[A-Z])(?=.*\\d)).{6,72}$",
                    "validationMessage": "The password must be between 6 and 72 characters long, and contain characters from at least 3 of the following groups: uppercase characters, lowercase characters, numbers, and special characters."
                },
                "options": {
                    "hideConfirmation": false
                }
            }
        ],
        "steps": [
            {
                "name": "ipConfig",
                "label": "IP Config",
                "subLabel": {
                    "preValidation": "Configure the public IP address",
                    "postValidation": "Done"
                },
                "bladeTitle": "IP Settings",
                "elements": [
                    {
                        "name": "ipCombo",
                        "type": "Microsoft.Network.PublicIpAddressCombo",
                        "label": {
                            "publicIpAddress": "Public IP address",
                            "domainNameLabel": "Domain name label"
                        },
                        "toolTip": {
                            "publicIpAddress": "",
                            "domainNameLabel": ""
                        },
                        "defaultValue": {
                            "publicIpAddressName": "myPublicIP"
                        },
                        "constraints": {
                            "required": {
                                "domainNameLabel": true
                            }
                        },
                        "options": {
                            "hideNone": true,
                            "hideDomainNameLabel": false,
                            "hideExisting": true
                        },
                        "visible": true
                    }
                ]
            }
        ],
        "outputs": {
            "adminUsername": "[basics('adminUsername')]",
            "adminPassword": "[basics('adminPassword')]",
            "dnsLabelPrefix": "[steps('ipConfig').ipCombo.domainNameLabel]"
        }
    }
}